,Accuracy,Time per Example
0,96.6707146917472,1.7977489018655388e-05
