,Accuracy,Time per Example
0,23.21515298688684,2.202688319572613e-05
