,Accuracy,Time per Example
0,56.233333333333334,2.034072999999997e-05
