,Accuracy,Time per Example
0,78.10352106729714,1.3925551802752677e-05
