,Accuracy,Time per Example
0,4.316546762589928,4.742455035971224e-06
