,Accuracy,Time per Example
0,88.17022826614861,0.002367852051028165
