,Accuracy,Time per Example
0,98.00436669939538,0.0028482674048690816
