,Accuracy,Time per Example
0,66.49333333333334,0.002558893582853488
