,Accuracy,Time per Example
0,98.06676657537079,0.0032061047836650447
