,Accuracy,Time per Example
0,89.14643030597378,0.0019420713865080138
