,Accuracy,Time per Example
0,97.41227843522299,0.03396244850907836
