,Accuracy,Time per Example
0,88.07673627974745,0.06199398184535361
