,Accuracy,Time per Example
0,78.86666666666666,0.03177493276781558
