,Accuracy,Time per Example
0,98.28432639140097,0.04024156188351567
