,Accuracy,Time per Example
0,66.33333333333334,0.02670093170638041
