,Accuracy,Time per Example
0,91.61000485672658,0.0669573283170799
