,Accuracy,Time per Example
0,77.47826086956522,0.028721154099998432
