,Accuracy,Time per Example
0,98.36289399771144,0.04208962995759389
