,Accuracy,Time per Example
0,97.44616664932903,0.03586491565977883
