,Accuracy,Time per Example
0,53.76666666666667,0.03692413057333333
