,Accuracy,Time per Example
0,77.18795531811558,0.03343215939655172
