,Accuracy,Time per Example
0,94.94948581468658,0.016327005068601103
