,Accuracy,Time per Example
0,91.96211753278291,0.09585851162530468
