,Accuracy,Time per Example
0,98.70549325616248,0.023570494457609514
