,Accuracy,Time per Example
0,79.83333333333334,0.023355582974028465
